t,ytd_old,ytd_new,basis,p_old,p_new,s1g,s2g,s1u,s2u,ytd_uni_old
000660.KS,60.64,118.87,prior_year_close,8,12,39,43,29,43,110.47
005930.KS,39.26,93.27,prior_year_close,12,12,64,64,60,64,80.34
A,14.97,7.92,prior_year_close,6,6,80,80,80,80,6.45
AAPL,14.2,15.47,prior_year_close,6,6,57,57,57,57,15.83
ABBV,11.91,10.23,prior_year_close,6,6,57,57,57,57,9.83
ABNB,46.79,31.2,prior_year_close,12,12,84,84,84,84,33.88
ABT,-1.63,-12.35,prior_year_close,-4,-10,62,56,56,56,-11.58
ACGL,2.52,2.67,prior_year_close,2,2,48,48,48,48,4.92
ACN,-24.25,-33.16,prior_year_close,-10,-10,59,59,59,59,-31.01
ADBE,-0.63,-24.22,prior_year_close,-4,-10,65,59,59,59,-20.43
ADI,21.44,44.62,prior_year_close,12,12,72,72,72,72,43.28
ADM,15.33,35.11,prior_year_close,6,12,45,51,51,51,31.54
ADP,21.63,7.16,prior_year_close,12,6,81,75,75,75,9.0
ADSK,2.7,-15.85,prior_year_close,2,-10,76,64,64,64,-13.13
AEE,5.84,10.51,prior_year_close,6,6,45,45,45,45,9.41
AEP,5.4,10.7,prior_year_close,6,6,42,42,42,42,10.22
AES,-6.04,6.48,prior_year_close,-4,6,70,80,76,80,3.03
AFL,11.24,14.19,prior_year_close,6,6,52,52,52,52,14.22
AGX,61.7,91.2,prior_year_close,8,12,65,69,65,69,83.78
AIG,6.5,-6.75,prior_year_close,6,-4,52,42,42,42,-5.34
AIZ,23.97,21.12,prior_year_close,12,12,81,81,81,81,22.72
AJG,14.65,-3.51,prior_year_close,6,-4,52,42,42,42,-2.46
AKAM,16.7,26.69,prior_year_close,6,12,53,59,59,59,29.89
ALAB,78.06,100.87,prior_year_close,8,12,68,72,68,72,86.1
ALB,-20.51,-6.84,prior_year_close,-10,-4,50,56,56,56,-8.45
ALGN,-9.79,11.21,prior_year_close,-4,6,27,37,37,37,11.3
ALL,34.92,29.6,prior_year_close,12,12,66,66,66,66,32.35
ALLE,-4.31,6.95,prior_year_close,-4,6,60,70,70,70,5.82
AMAT,63.5,110.31,prior_year_close,8,12,68,72,58,72,101.02
AMCR,1.83,18.22,prior_year_close,2,6,76,80,80,80,17.23
AMD,123.78,125.7,prior_year_close,-2,12,29,43,29,43,116.3
AME,9.01,23.93,prior_year_close,6,12,80,86,86,86,21.66
AMGN,10.94,27.38,prior_year_close,6,12,75,81,81,81,27.25
AMP,3.08,13.67,prior_year_close,2,6,71,75,75,75,12.88
AMT,1.28,0.2,prior_year_close,2,2,57,57,57,57,0.64
AMZN,31.51,18.92,prior_year_close,12,6,81,75,81,75,21.18
ANET,33.11,43.99,prior_year_close,12,12,87,87,87,87,41.22
AON,16.02,2.04,prior_year_close,6,2,52,48,48,48,4.59
AOS,-18.14,-2.73,prior_year_close,-10,-4,64,70,70,70,-4.78
APA,38.77,57.45,prior_year_close,12,12,92,92,88,92,51.86
APD,7.29,25.29,prior_year_close,6,12,86,92,92,92,22.67
APGE,117.03,78.64,prior_year_close,-2,12,39,53,49,53,77.94
APH,17.73,25.63,prior_year_close,6,12,75,81,81,81,21.52
APO,-4.07,-11.23,prior_year_close,-4,-10,63,57,57,57,-12.35
APP,-24.67,-48.53,prior_year_close,-10,-10,21,21,21,21,-43.91
APTV,-40.57,-34.88,prior_year_close,-10,-10,29,29,29,29,-36.83
ARE,-8.92,4.6,prior_year_close,-4,2,22,28,28,28,4.53
ARES,2.08,-13.31,prior_year_close,2,-10,71,59,59,59,-15.76
ARQQ,23.78,4.66,prior_year_close,12,2,84,74,68,74,-6.68
ASML,22.38,63.51,prior_year_close,12,12,69,69,65,69,50.32
ATO,0.38,2.67,prior_year_close,2,2,41,41,41,41,1.62
AVB,10.35,5.57,prior_year_close,6,6,57,57,57,57,6.05
AVGO,24.83,24.05,prior_year_close,12,12,78,78,78,78,23.51
AVY,-5.42,-1.47,prior_year_close,-4,-4,70,70,70,70,-1.78
AWK,11.59,5.14,prior_year_close,6,6,65,65,65,65,5.28
AXON,31.64,0.54,prior_year_close,12,2,95,85,85,85,1.34
AXP,-4.65,-7.1,prior_year_close,-4,-4,42,42,42,42,-8.0
AZO,-13.95,-7.79,prior_year_close,-10,-4,62,68,68,68,-5.34
BA,-4.2,7.97,prior_year_close,-4,6,63,73,69,73,2.92
BAC,13.2,16.1,prior_year_close,6,6,54,54,54,54,14.13
BALL,-4.17,20.58,prior_year_close,-4,12,50,66,60,66,19.72
BAX,26.91,44.31,prior_year_close,12,12,81,81,81,81,41.42
BBY,25.75,26.04,prior_year_close,12,12,58,58,58,58,21.94
BDX,9.94,17.48,prior_year_close,6,6,75,75,75,75,16.96
BEN,25.03,44.86,prior_year_close,12,12,87,87,87,87,45.41
BF-B,-1.51,11.41,prior_year_close,-4,6,71,81,81,81,11.07
BG,-7.58,23.1,prior_year_close,-4,12,27,43,37,43,18.37
BIIB,7.29,18.15,prior_year_close,6,6,86,86,86,86,16.94
BKNG,27.12,0.58,prior_year_close,12,2,81,71,71,71,1.18
BKR,4.48,36.62,prior_year_close,2,12,63,73,73,73,31.98
BLDR,-39.91,-27.41,prior_year_close,-10,-10,50,50,50,50,-28.62
BLK,6.41,7.36,prior_year_close,6,6,75,75,75,75,5.91
BMY,8.81,24.04,prior_year_close,6,12,75,81,81,81,23.69
BNY,24.49,37.45,prior_year_close,12,12,66,66,66,66,36.34
BR,-6.9,-24.47,prior_year_close,-4,-10,68,62,62,62,-23.55
BRK-B,4.76,3.81,prior_year_close,2,2,66,66,70,66,5.02
BRO,4.32,-9.91,prior_year_close,2,-4,56,50,50,50,-7.49
BSX,-33.47,-48.29,prior_year_close,-10,-10,51,51,51,51,-47.94
BTSG,57.02,66.7,prior_year_close,8,12,44,48,44,48,62.58
BX,6.39,-8.24,prior_year_close,6,-4,80,70,64,70,-10.93
BXP,9.84,5.82,prior_year_close,6,6,60,60,60,60,5.29
C,10.15,17.44,prior_year_close,6,6,66,66,66,66,15.45
CAH,5.2,15.85,prior_year_close,6,6,81,81,81,81,15.44
CARR,-1.3,22.53,prior_year_close,-4,12,27,43,43,43,20.97
CASY,26.74,51.24,prior_year_close,12,12,58,58,54,58,50.28
CAT,13.91,47.91,prior_year_close,6,12,58,64,64,64,41.6
CB,8.05,12.92,prior_year_close,6,6,52,52,52,52,13.67
CBOE,2.5,14.7,prior_year_close,2,6,48,52,52,52,16.03
CBRE,-13.33,-7.84,prior_year_close,-10,-4,65,71,71,71,-7.5
CCI,-6.8,-12.88,prior_year_close,-4,-10,48,42,42,42,-12.71
CCL,-10.22,-3.55,prior_year_close,-10,-4,57,63,63,63,-4.74
CDNS,16.58,8.53,prior_year_close,6,6,58,58,58,58,9.29
CDW,-4.28,0.81,prior_year_close,-4,2,42,48,48,48,3.11
CEG,-0.54,-23.38,prior_year_close,-4,-10,76,70,70,70,-26.1
CF,21.58,49.25,prior_year_close,12,12,46,46,46,46,44.05
CFG,8.82,27.01,prior_year_close,6,12,57,63,63,63,24.91
CHD,5.56,23.91,prior_year_close,6,12,75,81,81,81,25.72
CHRW,-24.93,-6.46,prior_year_close,-10,-4,26,32,32,32,-8.15
CHTR,-35.96,-26.91,prior_year_close,-10,-10,59,59,59,59,-27.1
CI,-2.96,3.8,prior_year_close,-4,2,35,41,41,41,2.35
CIEN,42.36,76.33,prior_year_close,12,12,72,72,68,72,67.6
CINF,6.03,9.53,prior_year_close,6,6,52,52,52,52,10.77
CL,0.24,20.18,prior_year_close,2,12,82,92,92,92,22.24
CLX,-10.97,6.77,prior_year_close,-10,6,59,75,75,75,6.75
CMCSA,-17.73,-6.08,prior_year_close,-10,-4,64,70,70,70,-4.97
CME,-11.68,-0.63,prior_year_close,-10,-4,59,65,71,65,0.62
CMG,-17.18,-11.38,prior_year_close,-10,-10,24,24,24,24,-12.54
CMI,7.83,27.04,prior_year_close,6,12,58,64,64,64,24.22
CMS,-0.17,3.96,prior_year_close,-4,2,32,38,38,38,3.24
CNC,72.9,59.83,prior_year_close,8,12,88,92,88,92,57.42
CNP,2.18,7.27,prior_year_close,2,6,38,42,42,42,6.19
COF,-1.45,-9.42,prior_year_close,-4,-4,65,65,59,65,-11.45
COHR,56.37,105.41,prior_year_close,8,12,74,78,74,78,95.1
COIN,-8.16,-32.08,prior_year_close,-4,-10,27,21,21,21,-35.06
COO,-8.9,-9.43,prior_year_close,-4,-4,65,65,65,65,-8.48
COP,9.85,27.56,prior_year_close,6,12,60,66,66,66,23.48
COR,-11.43,-4.74,prior_year_close,-10,-4,64,70,70,70,-5.05
COST,-4.7,10.4,prior_year_close,-4,6,51,61,61,61,11.41
CPAY,10.4,30.58,prior_year_close,6,12,75,81,81,81,30.72
CPRT,-26.4,-24.24,prior_year_close,-10,-10,62,62,62,62,-21.47
CPT,5.85,3.74,prior_year_close,6,2,45,41,41,41,3.65
CRH,-20.21,-18.91,prior_year_close,-10,-10,50,50,50,50,-19.96
CRL,44.04,34.09,prior_year_close,12,12,81,81,81,81,32.15
CRM,-0.16,-26.87,prior_year_close,-4,-10,65,59,59,59,-23.62
CRWD,110.2,82.97,prior_year_close,-2,12,72,86,82,86,89.09
CSCO,41.21,59.94,prior_year_close,12,12,78,78,74,78,61.16
CSGP,-40.66,-55.03,prior_year_close,-10,-10,50,50,50,50,-53.97
CSX,24.24,39.56,prior_year_close,12,12,58,58,58,58,39.48
CTAS,4.78,8.51,prior_year_close,2,6,56,60,60,60,10.38
CTSH,-21.75,-29.67,prior_year_close,-10,-10,54,54,54,54,-28.18
CTVA,4.84,15.14,prior_year_close,2,6,46,50,50,50,13.9
CVNA,-13.94,-16.06,prior_year_close,-10,-10,62,62,62,62,-11.49
CVS,28.2,23.41,prior_year_close,12,12,51,51,51,51,22.22
CVX,4.11,24.74,prior_year_close,2,12,48,58,58,58,21.94
CYTK,21.15,20.81,prior_year_close,12,12,46,46,46,46,24.35
D,10.31,17.41,prior_year_close,6,6,45,45,45,45,16.12
DAL,22.74,32.65,prior_year_close,12,12,87,87,87,87,33.3
DASH,16.12,-4.51,prior_year_close,6,-4,75,65,65,65,-1.61
DD,1.63,19.08,prior_year_close,2,6,69,73,73,73,17.13
DDOG,105.18,72.02,prior_year_close,-2,12,35,49,45,49,74.87
DE,6.59,34.09,prior_year_close,6,12,86,92,92,92,33.73
DECK,-14.88,-5.99,prior_year_close,-10,-4,16,22,22,22,-8.74
DELL,277.08,263.78,prior_year_close,-7,12,73,92,73,92,258.31
DG,-13.25,-3.3,prior_year_close,-10,-4,44,50,50,50,-6.17
DGX,25.68,39.15,prior_year_close,12,12,73,73,73,73,38.94
DHI,-0.98,5.83,prior_year_close,-4,6,68,78,74,78,4.6
DHR,-5.09,-10.18,prior_year_close,-4,-10,67,61,61,61,-10.75
DIS,-1.32,-7.08,prior_year_close,-4,-4,62,62,62,62,-5.49
DLR,14.11,26.96,prior_year_close,6,12,81,87,87,87,26.7
DLTR,6.28,6.41,prior_year_close,6,6,80,80,76,80,2.51
DOC,31.39,38.4,prior_year_close,12,12,63,63,63,63,37.38
DOV,-5.71,8.65,prior_year_close,-4,6,56,66,66,66,8.37
DOW,-6.52,28.27,prior_year_close,-4,12,43,59,59,59,23.57
DPZ,-9.5,-14.85,prior_year_close,-4,-10,71,65,65,65,-16.55
DRI,-0.4,18.88,prior_year_close,-4,6,62,72,72,72,16.86
DTE,5.22,10.16,prior_year_close,6,6,42,42,42,42,9.0
DUK,4.34,8.35,prior_year_close,2,6,41,45,45,45,8.14
DVA,33.51,61.76,prior_year_close,12,12,61,61,57,61,60.48
DVN,0.07,18.79,prior_year_close,2,6,36,40,40,40,14.9
DXCM,20.8,27.69,prior_year_close,12,12,81,81,81,81,27.37
EA,4.59,2.82,prior_year_close,2,2,62,62,62,62,2.78
EBAY,28.97,29.35,prior_year_close,12,12,63,63,63,63,29.41
ECHO,-21.83,-17.17,prior_year_close,-10,-10,50,50,50,50,-19.74
ECL,-0.5,9.22,prior_year_close,-4,6,65,75,75,75,9.17
ED,2.87,10.49,prior_year_close,2,6,41,45,45,45,9.75
EFX,-7.97,-15.35,prior_year_close,-4,-10,55,49,49,49,-14.18
EG,17.83,11.85,prior_year_close,6,6,57,57,57,57,13.48
EIX,10.16,18.81,prior_year_close,6,6,50,50,50,50,17.03
EL,-10.14,-15.04,prior_year_close,-10,-10,56,56,56,56,-16.66
ELV,21.6,13.61,prior_year_close,12,6,72,66,66,66,12.42
EME,5.34,33.74,prior_year_close,6,12,73,79,79,79,28.12
EMR,-0.31,20.19,prior_year_close,-4,12,65,81,75,81,17.44
EOG,20.13,31.51,prior_year_close,12,12,46,46,46,46,28.74
EQIX,22.82,37.5,prior_year_close,12,12,67,67,67,67,37.87
EQR,6.06,10.01,prior_year_close,6,6,45,45,45,45,10.57
EQT,-7.1,-2.71,prior_year_close,-4,-4,51,51,51,51,-2.46
ERAS,53.29,394.89,prior_year_close,8,12,56,60,41,60,412.81
ERIE,-5.22,-10.4,prior_year_close,-4,-10,76,70,76,70,-7.55
ES,9.36,9.85,prior_year_close,6,6,57,57,57,57,8.67
ESS,13.96,13.38,prior_year_close,6,6,57,57,57,57,14.36
ETN,19.99,42.05,prior_year_close,6,12,80,86,86,86,38.23
ETR,9.8,17.36,prior_year_close,6,6,42,42,42,42,15.57
EVRG,9.9,16.96,prior_year_close,6,6,45,45,45,45,16.02
EW,16.82,5.24,prior_year_close,6,6,75,75,75,75,5.14
EXC,5.6,6.52,prior_year_close,6,6,45,45,45,45,5.72
EXE,-9.04,-14.9,prior_year_close,-4,-10,71,65,65,65,-14.45
EXPD,9.77,20.55,prior_year_close,6,12,86,92,86,92,18.29
EXPE,31.96,10.13,prior_year_close,12,6,81,75,75,75,10.28
EXR,8.95,17.43,prior_year_close,6,6,81,81,81,81,16.76
F,5.29,9.07,prior_year_close,6,6,32,32,32,32,7.27
FANG,14.61,26.52,prior_year_close,6,12,40,46,46,46,24.86
FAST,12.64,31.3,prior_year_close,6,12,75,81,81,81,30.3
FCX,9.96,38.05,prior_year_close,6,12,72,78,78,78,35.02
FDS,41.94,-0.6,prior_year_close,12,-4,86,70,76,70,1.24
FDX,9.28,37.93,prior_year_close,6,12,66,72,72,72,35.93
FDXF,-4.13,-4.13,first_close_of_year,-4,-4,48,48,48,48,-4.13
FE,3.45,9.22,prior_year_close,2,6,53,57,57,57,8.04
FFIV,43.59,56.79,prior_year_close,12,12,46,46,42,46,55.96
FICO,-24.14,-38.4,prior_year_close,-10,-10,26,26,26,26,-36.63
FIS,-13.76,-34.35,prior_year_close,-10,-10,36,36,36,36,-33.51
FISV,-12.85,-21.97,prior_year_close,-10,-10,68,68,68,68,-20.09
FITB,6.78,23.94,prior_year_close,6,12,57,63,63,63,21.6
FIX,32.13,81.73,prior_year_close,12,12,59,59,55,59,68.99
FLEX,83.67,100.84,prior_year_close,8,12,68,72,68,72,90.56
FOX,1.03,-11.69,prior_year_close,2,-10,68,56,56,56,-13.07
FOXA,2.38,-11.94,prior_year_close,2,-10,63,51,51,51,-12.77
FROG,74.67,43.32,prior_year_close,8,12,80,84,80,84,50.28
FRT,14.1,21.48,prior_year_close,6,12,45,51,51,51,22.26
FSLR,12.57,-4.28,prior_year_close,6,-4,75,65,65,65,-8.85
FTNT,85.78,101.03,prior_year_close,8,12,62,66,52,66,104.98
FTV,1.88,12.01,prior_year_close,2,6,82,86,86,86,11.64
GD,9.86,17.99,prior_year_close,6,6,59,59,59,59,15.67
GDDY,-7.14,-26.6,prior_year_close,-4,-10,47,41,41,41,-23.16
GE,17.16,20.47,prior_year_close,6,12,81,87,81,87,15.69
GEHC,-9.15,-12.37,prior_year_close,-4,-10,67,61,61,61,-13.22
GEN,19.85,8.43,prior_year_close,6,6,80,80,80,80,13.09
GEV,23.69,51.81,prior_year_close,12,12,38,38,38,38,46.0
GILD,-11.1,9.86,prior_year_close,-10,6,49,65,65,65,10.89
GIS,-20.66,-16.78,prior_year_close,-10,-10,49,49,49,49,-15.36
GL,30.55,32.26,prior_year_close,12,12,66,66,66,66,33.64
GLW,26.53,89.86,prior_year_close,12,12,72,72,68,72,83.35
GM,9.05,8.19,prior_year_close,6,6,75,75,75,75,8.64
GNRC,14.2,55.62,prior_year_close,6,12,66,72,68,72,50.4
GOOG,9.1,12.79,prior_year_close,6,6,61,61,61,61,12.25
GOOGL,9.39,13.34,prior_year_close,6,6,61,61,61,61,12.57
GPC,-5.24,12.53,prior_year_close,-4,6,67,77,77,77,11.58
GPN,20.87,12.06,prior_year_close,12,6,81,75,75,75,14.83
GRMN,52.14,54.53,prior_year_close,8,12,72,76,72,76,54.84
GS,11.24,19.42,prior_year_close,6,6,45,45,45,45,14.8
GWW,7.56,27.11,prior_year_close,6,12,45,51,51,51,27.77
HAL,-7.79,13.87,prior_year_close,-4,6,53,63,63,63,8.72
HAS,-1.89,15.78,prior_year_close,-4,6,62,72,72,72,14.42
HBAN,-5.85,3.1,prior_year_close,-4,2,47,53,53,53,2.34
HCA,-16.63,-11.15,prior_year_close,-10,-10,67,67,67,67,-11.82
HD,-5.33,4.82,prior_year_close,-4,2,70,76,76,76,4.3
HIG,3.73,4.92,prior_year_close,2,2,56,56,60,56,5.44
HII,-19.45,-3.87,prior_year_close,-10,-4,59,65,65,65,-6.53
HLT,1.23,10.67,prior_year_close,2,6,28,32,32,32,8.5
HON,-1.09,21.6,prior_year_close,-4,12,71,87,87,87,21.11
HONA,-15.75,-15.75,first_close_of_year,-10,-10,32,32,32,32,-15.75
HOOD,7.77,-17.52,prior_year_close,6,-10,37,21,21,21,-19.03
HPE,124.68,123.65,prior_year_close,-2,12,72,86,72,86,122.26
HPQ,59.08,38.73,prior_year_close,8,12,77,81,81,81,39.73
HQ,43.45,43.45,first_close_of_year,12,12,61,61,61,61,43.45
HRL,5.2,9.74,prior_year_close,6,6,52,52,52,52,11.2
HSIC,10.02,16.6,prior_year_close,6,6,75,75,75,75,14.72
HST,25.08,37.85,prior_year_close,12,12,51,51,51,51,34.58
HSY,-19.77,1.64,prior_year_close,-10,2,62,74,74,74,1.4
HUBB,2.13,16.4,prior_year_close,2,6,74,78,78,78,11.64
HUM,104.69,51.43,prior_year_close,-2,12,49,63,63,63,46.65
HUT,55.72,92.84,prior_year_close,8,12,34,38,34,38,72.79
HWM,25.31,37.69,prior_year_close,12,12,87,87,87,87,33.34
IBKR,12.23,36.86,prior_year_close,6,12,45,51,51,51,30.91
IBM,-18.88,-18.85,prior_year_close,-10,-10,47,47,47,47,-17.53
ICE,-10.7,-6.55,prior_year_close,-10,-4,59,65,65,65,-5.4
IDXX,-8.3,-13.28,prior_year_close,-4,-10,74,68,68,68,-12.44
IEX,12.01,33.15,prior_year_close,6,12,72,78,78,78,32.32
IFF,15.53,28.88,prior_year_close,6,12,80,86,86,86,27.67
INCY,10.58,22.06,prior_year_close,6,12,65,71,65,71,18.87
INTC,102.33,175.47,prior_year_close,-2,12,58,72,53,72,158.13
INTU,-25.1,-50.44,prior_year_close,-10,-10,59,59,59,59,-47.84
INVH,17.45,11.75,prior_year_close,6,6,81,81,81,81,12.03
IP,-10.27,8.2,prior_year_close,-10,6,44,60,60,60,5.89
IQV,23.89,5.9,prior_year_close,12,6,81,75,75,75,5.91
IR,-11.56,9.84,prior_year_close,-10,6,65,81,81,81,9.09
IRM,26.67,48.25,prior_year_close,12,12,38,38,38,38,47.73
ISRG,-23.14,-33.11,prior_year_close,-10,-10,50,50,50,50,-32.59
IT,16.18,-26.43,prior_year_close,6,-10,70,54,54,54,-21.7
ITW,3.36,21.94,prior_year_close,2,12,68,78,78,78,20.38
IVZ,19.31,22.13,prior_year_close,6,12,75,81,75,81,19.09
J,-3.35,10.15,prior_year_close,-4,6,70,80,80,80,7.8
JBHT,19.09,38.94,prior_year_close,6,12,42,48,48,48,37.22
JBL,28.37,49.73,prior_year_close,12,12,72,72,72,72,42.02
JCI,10.15,27.85,prior_year_close,6,12,75,81,81,81,25.18
JKHY,-8.36,-13.84,prior_year_close,-4,-10,50,44,44,44,-11.85
JNJ,9.84,26.66,prior_year_close,6,12,65,71,71,71,26.41
JPM,12.07,12.53,prior_year_close,6,6,54,54,54,54,11.4
KDP,6.95,9.76,prior_year_close,6,6,32,32,32,32,9.96
KEY,0.75,12.32,prior_year_close,2,6,53,57,57,57,10.5
KEYS,44.52,67.81,prior_year_close,12,12,84,84,80,84,65.05
KHC,6.64,8.09,prior_year_close,6,6,52,52,52,52,7.47
KIM,14.91,23.36,prior_year_close,6,12,45,51,51,51,24.65
KKR,-3.81,-19.05,prior_year_close,-4,-10,71,65,65,65,-19.94
KLAC,37.92,63.46,prior_year_close,12,12,43,43,39,43,55.85
KMB,7.51,11.57,prior_year_close,6,6,60,60,60,60,11.01
KMI,1.41,15.43,prior_year_close,2,6,41,45,45,45,14.51
KO,13.14,26.18,prior_year_close,6,12,75,81,81,81,27.63
KR,-18.24,-8.27,prior_year_close,-10,-4,37,43,43,43,-8.97
KVUE,8.28,14.12,prior_year_close,6,6,60,60,60,60,13.66
KYMR,36.07,38.18,prior_year_close,12,12,63,63,63,63,47.77
L,4.3,9.83,prior_year_close,2,6,48,52,52,52,10.51
LDOS,-28.87,-23.28,prior_year_close,-10,-10,59,59,59,59,-24.57
LEN,-21.83,-12.87,prior_year_close,-10,-10,62,62,62,62,-14.05
LH,17.09,27.89,prior_year_close,6,12,70,76,76,76,27.49
LHX,-17.62,-1.61,prior_year_close,-10,-4,42,48,48,48,-5.14
LII,-16.47,-8.95,prior_year_close,-10,-4,26,32,26,32,-11.38
LIN,8.07,15.66,prior_year_close,6,6,42,42,42,42,14.93
LITE,54.24,141.51,prior_year_close,8,12,80,84,70,84,130.55
LLY,13.89,10.71,prior_year_close,6,6,65,65,65,65,10.12
LMT,-6.8,23.0,prior_year_close,-4,12,65,81,75,81,19.68
LNT,5.26,9.2,prior_year_close,6,6,42,42,42,42,8.24
LOW,-18.45,-5.94,prior_year_close,-10,-4,62,68,68,68,-8.13
LRCX,36.05,82.23,prior_year_close,12,12,72,72,68,72,68.56
LULU,-26.81,-38.13,prior_year_close,-10,-10,64,64,64,64,-39.01
LUV,-11.06,14.83,prior_year_close,-10,6,57,73,73,73,14.91
LVS,-18.97,-28.45,prior_year_close,-10,-10,37,37,37,37,-28.58
LYB,9.87,40.75,prior_year_close,6,12,53,59,59,59,37.29
LYV,22.14,26.78,prior_year_close,12,12,66,66,66,66,24.33
MA,5.52,-0.91,prior_year_close,6,-4,81,71,77,71,0.46
MAA,3.46,0.62,prior_year_close,2,2,74,74,74,74,0.46
MAR,7.27,14.52,prior_year_close,6,6,35,35,35,35,13.36
MAS,9.22,23.25,prior_year_close,6,12,65,71,71,71,21.32
MCD,-14.65,-9.08,prior_year_close,-10,-4,62,68,68,68,-8.37
MCHP,15.06,34.36,prior_year_close,6,12,66,72,72,72,31.66
MCK,-9.46,6.21,prior_year_close,-4,6,71,81,81,81,5.81
MCO,6.78,-6.05,prior_year_close,6,-4,57,47,47,47,-3.82
MDLZ,4.86,18.3,prior_year_close,2,6,77,81,81,81,18.7
MDT,-12.77,-7.7,prior_year_close,-10,-4,64,70,70,70,-7.69
MET,29.95,26.48,prior_year_close,12,12,81,81,81,81,24.3
META,-12.41,-10.14,prior_year_close,-10,-10,29,29,35,29,-8.8
MGM,16.84,21.87,prior_year_close,6,12,37,43,43,43,21.87
MKC,-20.51,-20.84,prior_year_close,-10,-10,70,70,70,70,-19.86
MKSI,21.91,91.19,prior_year_close,12,12,43,43,39,43,81.47
MLM,-20.94,-11.66,prior_year_close,-10,-10,21,21,21,21,-13.3
MMM,8.45,15.35,prior_year_close,6,6,72,72,72,72,14.12
MNST,11.69,17.86,prior_year_close,6,6,45,45,45,45,18.64
MO,9.53,22.33,prior_year_close,6,12,45,51,51,51,23.08
MOG-A,24.24,65.83,prior_year_close,12,12,66,66,62,66,61.63
MOS,-20.53,-2.49,prior_year_close,-10,-4,65,71,71,71,-6.11
MPC,47.28,84.98,prior_year_close,12,12,58,58,54,58,82.17
MPWR,16.61,55.18,prior_year_close,6,12,66,72,68,72,50.22
MRK,10.89,23.94,prior_year_close,6,12,60,66,66,66,22.56
MRNA,41.05,100.64,prior_year_close,12,12,51,51,47,51,91.74
MRSH,13.2,4.95,prior_year_close,6,2,75,71,75,71,6.71
MRVL,165.8,157.76,prior_year_close,-7,12,53,72,58,72,145.04
MS,19.93,23.86,prior_year_close,6,12,86,92,92,92,20.89
MSCI,1.44,-1.1,prior_year_close,2,-4,28,22,28,22,0.39
MSFT,21.43,3.85,prior_year_close,12,2,76,66,70,66,6.19
MSI,11.26,22.66,prior_year_close,6,12,75,81,81,81,23.4
MTB,7.49,26.05,prior_year_close,6,12,60,66,66,66,24.46
MTD,3.52,2.53,prior_year_close,2,2,71,71,71,71,1.28
MU,128.96,207.65,prior_year_close,-2,12,50,64,45,64,178.38
MXL,294.42,330.18,prior_year_close,-7,12,50,69,50,69,305.08
NCLH,-15.75,-13.75,prior_year_close,-10,-10,24,24,24,24,-15.5
NDAQ,10.35,-1.96,prior_year_close,6,-4,54,44,44,44,-1.48
NDSN,7.1,29.74,prior_year_close,6,12,75,81,81,81,29.42
NEE,-4.06,6.94,prior_year_close,-4,6,35,45,45,45,6.08
NEM,-6.01,13.64,prior_year_close,-4,6,57,67,67,67,12.11
NFLX,-9.0,-20.93,prior_year_close,-4,-10,48,42,42,42,-18.52
NI,-2.89,4.07,prior_year_close,-4,2,27,33,33,33,3.08
NKE,-32.14,-33.52,prior_year_close,-10,-10,16,16,16,16,-33.07
NOC,-17.49,1.0,prior_year_close,-10,2,61,73,67,73,-1.66
NOW,20.23,-18.48,prior_year_close,12,-10,86,64,64,64,-15.31
NRG,-23.64,-25.09,prior_year_close,-10,-10,24,24,24,24,-28.21
NSC,10.28,17.28,prior_year_close,6,6,52,52,52,52,17.65
NTAP,84.29,79.29,prior_year_close,8,12,77,81,77,81,79.46
NTRS,21.06,37.2,prior_year_close,12,12,71,71,71,71,34.55
NUE,42.03,68.13,prior_year_close,12,12,81,81,77,81,61.88
NVDA,17.99,20.23,prior_year_close,6,12,80,86,80,86,18.74
NVR,-18.93,-12.38,prior_year_close,-10,-10,29,29,29,29,-12.21
NWS,23.98,9.92,prior_year_close,12,6,87,81,81,81,9.4
NWSA,25.94,9.64,prior_year_close,12,6,87,81,81,81,9.35
NXPI,5.62,11.38,prior_year_close,6,6,42,42,42,42,9.26
O,1.66,14.29,prior_year_close,2,6,48,52,52,52,12.41
ODFL,10.62,38.35,prior_year_close,6,12,37,43,43,43,36.28
OKE,6.46,22.06,prior_year_close,6,12,40,46,46,46,20.68
OMC,22.98,7.75,prior_year_close,12,6,86,80,80,80,7.0
ON,24.69,49.9,prior_year_close,12,12,64,64,64,64,43.16
ONTO,44.01,95.3,prior_year_close,12,12,84,84,80,84,85.87
ORCL,-5.46,-23.84,prior_year_close,-4,-10,56,50,50,50,-24.15
ORKA,197.11,226.03,prior_year_close,-7,12,67,86,67,86,249.56
ORLY,0.87,2.54,prior_year_close,2,2,68,68,68,68,3.53
OTIS,-16.26,-14.39,prior_year_close,-10,-10,70,70,70,70,-15.35
OXY,20.95,37.24,prior_year_close,12,12,71,71,71,71,33.16
PANW,119.19,97.54,prior_year_close,-2,12,72,86,72,86,102.85
PAYX,25.24,10.65,prior_year_close,12,6,81,75,75,75,14.3
PCAR,5.19,22.25,prior_year_close,6,12,60,66,60,66,20.0
PCG,7.41,9.28,prior_year_close,6,6,57,57,57,57,7.93
PEG,-5.23,-4.2,prior_year_close,-4,-4,32,32,32,32,-5.01
PEP,-14.86,-1.24,prior_year_close,-10,-4,45,51,51,51,-0.35
PFE,2.32,13.02,prior_year_close,2,6,71,75,75,75,11.76
PFG,20.23,30.75,prior_year_close,12,12,87,87,87,87,28.98
PG,-5.94,3.99,prior_year_close,-4,2,30,36,40,36,5.11
PGR,6.95,0.66,prior_year_close,6,2,62,58,58,58,1.61
PH,9.95,22.68,prior_year_close,6,12,75,81,81,81,20.62
PHM,0.83,13.82,prior_year_close,2,6,82,86,86,86,12.09
PKG,8.6,25.71,prior_year_close,6,12,75,81,81,81,22.8
PLD,3.67,11.48,prior_year_close,2,6,41,45,45,45,10.28
PLTR,20.36,-3.23,prior_year_close,12,-4,84,68,74,68,2.47
PM,6.06,20.23,prior_year_close,6,12,57,63,63,63,20.3
PNC,6.47,23.84,prior_year_close,6,12,60,66,66,66,22.24
PNR,-28.83,-33.19,prior_year_close,-10,-10,45,45,45,45,-34.03
PNW,10.46,17.09,prior_year_close,6,6,45,45,45,45,17.84
PODD,-42.51,-50.33,prior_year_close,-10,-10,32,32,32,32,-50.1
PPG,-5.01,18.28,prior_year_close,-4,6,68,78,78,78,16.14
PPL,0.93,2.84,prior_year_close,2,2,33,33,33,33,2.57
PRAX,12.9,22.4,prior_year_close,6,12,80,86,86,86,25.96
PRU,21.92,10.38,prior_year_close,12,6,66,60,60,60,9.42
PSA,15.9,29.03,prior_year_close,6,12,83,89,89,89,29.56
PSKY,-13.09,-30.73,prior_year_close,-10,-10,50,50,50,50,-29.58
PSX,31.48,60.48,prior_year_close,12,12,58,58,54,58,58.6
PTC,-7.53,-15.21,prior_year_close,-4,-10,65,59,59,59,-13.16
PWR,30.62,59.28,prior_year_close,12,12,67,67,63,67,52.86
PYPL,44.46,1.82,prior_year_close,12,2,52,42,42,42,2.24
Q,31.33,69.21,prior_year_close,12,12,72,72,68,72,62.58
QCOM,22.05,-0.87,prior_year_close,12,-4,72,56,56,56,-1.98
QNT,-2.77,-2.77,first_close_of_year,-4,-4,56,56,56,56,-2.77
RCL,-7.08,15.94,prior_year_close,-4,6,62,72,72,72,14.16
REG,3.35,13.87,prior_year_close,2,6,41,45,45,45,15.67
REGN,0.79,1.89,prior_year_close,2,2,59,59,59,59,1.31
RF,4.15,18.21,prior_year_close,2,6,56,60,60,60,16.24
RIOT,37.07,61.96,prior_year_close,12,12,59,59,59,59,44.92
RJF,2.41,11.12,prior_year_close,2,6,68,72,72,72,8.71
RKLB,9.22,18.74,prior_year_close,6,6,66,66,66,66,9.0
RL,14.2,12.44,prior_year_close,6,6,78,78,78,78,9.67
RMD,-22.79,-11.54,prior_year_close,-10,-10,65,65,65,65,-12.97
ROK,8.1,14.1,prior_year_close,6,6,35,35,35,35,11.39
ROL,-40.94,-36.72,prior_year_close,-10,-10,26,26,26,26,-35.63
ROP,14.95,-8.99,prior_year_close,6,-4,75,65,65,65,-6.96
ROST,31.76,42.26,prior_year_close,12,12,76,76,76,76,40.24
RSG,-3.7,2.13,prior_year_close,-4,2,47,53,53,53,2.66
RTX,14.53,22.52,prior_year_close,6,12,70,76,70,76,20.0
RVMD,112.06,157.56,prior_year_close,-2,12,72,86,67,86,159.62
RVTY,11.67,18.75,prior_year_close,6,6,86,86,86,86,17.06
RYTM,11.21,8.03,prior_year_close,6,6,83,83,83,83,10.11
SBAC,0.96,-3.63,prior_year_close,2,-4,62,56,56,56,-3.16
SBUX,7.99,26.93,prior_year_close,6,12,65,71,71,71,27.29
SCHW,1.06,8.45,prior_year_close,2,6,71,75,75,75,6.68
SHW,3.03,14.65,prior_year_close,2,6,76,80,80,80,13.32
SJM,14.19,25.46,prior_year_close,6,12,57,63,63,63,26.99
SLB,1.1,33.13,prior_year_close,2,12,69,79,79,79,27.1
SMCI,-7.16,6.35,prior_year_close,-4,6,56,66,62,66,0.55
SNA,14.6,22.42,prior_year_close,6,12,81,87,87,87,20.21
SNDK,107.78,410.66,prior_year_close,-2,12,24,38,19,38,340.42
SNPS,-5.22,-11.44,prior_year_close,-4,-10,56,50,50,50,-13.41
SO,5.38,8.02,prior_year_close,6,6,45,45,45,45,8.04
SOLV,6.29,4.72,prior_year_close,6,2,81,77,81,77,5.01
SPG,15.97,23.15,prior_year_close,6,12,52,58,58,58,23.91
SPGI,-2.41,-17.05,prior_year_close,-4,-10,35,29,29,29,-15.45
SRE,-2.76,-3.65,prior_year_close,-4,-4,37,37,37,37,-5.17
STE,-2.7,-5.81,prior_year_close,-4,-4,70,70,70,70,-4.5
STLD,30.14,55.72,prior_year_close,12,12,73,73,73,73,49.87
STT,39.14,45.77,prior_year_close,12,12,63,63,63,63,44.76
STX,91.71,195.86,prior_year_close,8,12,55,59,40,59,183.35
STZ,-15.81,0.49,prior_year_close,-10,2,62,74,68,74,-1.79
SW,11.84,27.39,prior_year_close,6,12,86,92,92,92,24.4
SWK,18.16,42.93,prior_year_close,6,12,80,86,86,86,38.83
SWKS,17.12,13.69,prior_year_close,6,6,72,72,72,72,11.94
SYF,7.17,-4.62,prior_year_close,6,-4,75,65,65,65,-6.0
SYK,-4.28,-3.02,prior_year_close,-4,-4,71,71,71,71,-2.1
SYY,-1.14,16.87,prior_year_close,-4,6,53,63,63,63,17.72
T,-10.14,-0.78,prior_year_close,-10,-4,62,68,74,68,0.35
TAP,-12.83,-5.01,prior_year_close,-10,-4,64,70,70,70,-6.45
TDG,-5.76,-7.87,prior_year_close,-4,-4,46,46,46,46,-9.81
TDY,5.32,35.36,prior_year_close,6,12,80,86,86,86,33.26
TECH,10.75,23.31,prior_year_close,6,12,54,60,60,60,21.58
TEL,-3.81,-4.25,prior_year_close,-4,-4,63,63,63,63,-6.6
TER,22.45,96.12,prior_year_close,12,12,67,67,63,67,82.89
TFC,-2.45,8.59,prior_year_close,-4,6,50,60,60,60,7.43
TGT,32.14,56.16,prior_year_close,12,12,81,81,77,81,51.88
TJX,3.91,5.69,prior_year_close,2,6,63,67,67,67,5.23
TKO,-10.2,-10.03,prior_year_close,-10,-10,50,50,56,50,-9.13
TMO,8.86,2.72,prior_year_close,6,2,75,71,71,71,0.45
TMUS,-9.44,-11.84,prior_year_close,-4,-10,35,29,29,29,-10.31
TPL,-8.8,18.92,prior_year_close,-4,6,42,52,52,52,14.63
TPR,5.57,27.78,prior_year_close,6,12,75,81,81,81,26.49
TRGP,19.14,41.28,prior_year_close,6,12,40,46,46,46,39.56
TRMB,-11.09,-24.05,prior_year_close,-10,-10,59,59,59,59,-24.03
TROW,22.23,14.38,prior_year_close,12,6,63,57,57,57,11.92
TRV,32.27,33.53,prior_year_close,12,12,60,60,60,60,35.81
TSCO,-34.93,-30.02,prior_year_close,-10,-10,64,64,64,64,-31.15
TSLA,-21.26,-26.94,prior_year_close,-10,-10,42,42,42,42,-24.99
TSM,18.8,38.94,prior_year_close,6,12,66,72,72,72,32.1
TSN,-9.78,0.65,prior_year_close,-4,2,30,36,36,36,1.66
TT,5.39,24.5,prior_year_close,6,12,86,92,92,92,21.75
TTD,-48.96,-63.65,prior_year_close,-10,-10,31,31,31,31,-63.38
TTWO,20.23,-3.72,prior_year_close,12,-4,71,55,55,55,-2.03
TWST,143.67,264.66,prior_year_close,-2,12,72,86,67,86,257.12
TXN,32.1,67.67,prior_year_close,12,12,72,72,68,72,63.86
TXT,-6.29,2.64,prior_year_close,-4,2,27,33,33,33,2.78
TYL,-12.05,-31.17,prior_year_close,-10,-10,49,49,49,49,-28.31
UAL,11.5,15.86,prior_year_close,6,6,81,81,81,81,14.64
UBER,1.5,-8.19,prior_year_close,2,-4,74,68,68,68,-9.46
UDR,3.39,7.67,prior_year_close,2,6,41,45,45,45,7.64
UHS,-18.31,-20.21,prior_year_close,-10,-10,56,56,56,56,-20.89
ULTA,-18.83,-6.59,prior_year_close,-10,-4,59,65,65,65,-8.85
UMBF,9.19,27.46,prior_year_close,6,12,60,66,66,66,25.88
UNH,49.65,24.98,prior_year_close,12,12,51,51,51,51,22.65
UNP,16.46,28.04,prior_year_close,6,12,52,58,58,58,27.72
UPS,-8.63,8.62,prior_year_close,-4,6,35,45,45,45,6.66
URI,33.24,44.3,prior_year_close,12,12,86,86,86,86,38.2
USB,7.96,22.1,prior_year_close,6,12,65,71,71,71,20.81
V,11.8,3.79,prior_year_close,6,2,60,56,60,56,5.06
VEEV,24.84,3.24,prior_year_close,12,2,81,71,71,71,5.0
VICI,-4.91,-1.74,prior_year_close,-4,-4,56,56,56,56,-1.84
VKTX,16.93,-2.62,prior_year_close,6,-4,45,35,35,35,-3.27
VLO,49.41,85.96,prior_year_close,12,12,58,58,54,58,83.13
VLTO,6.41,-1.15,prior_year_close,6,-4,80,70,76,70,0.14
VMC,-12.69,0.2,prior_year_close,-10,2,50,62,56,62,-2.34
VRSK,8.21,-13.8,prior_year_close,6,-10,57,41,41,41,-12.75
VRSN,34.83,22.02,prior_year_close,12,12,81,81,81,81,23.25
VRT,34.91,68.21,prior_year_close,12,12,64,64,60,64,55.19
VRTX,5.35,9.42,prior_year_close,6,6,86,86,86,86,9.72
VSAT,73.68,133.26,prior_year_close,8,12,83,87,73,87,113.61
VST,-7.84,-12.61,prior_year_close,-4,-10,32,26,26,26,-14.68
VTR,14.21,22.14,prior_year_close,6,12,57,63,63,63,22.22
VTRS,7.28,34.07,prior_year_close,6,12,40,46,46,46,33.97
VZ,3.32,21.35,prior_year_close,2,12,77,87,87,87,21.98
WAB,19.52,37.04,prior_year_close,6,12,81,87,87,87,35.25
WAT,23.99,7.12,prior_year_close,12,6,86,80,80,80,6.52
WBD,-1.58,-7.08,prior_year_close,-4,-4,68,68,68,68,-6.07
WDAY,16.23,-16.36,prior_year_close,6,-10,75,59,59,59,-12.71
WDC,51.97,152.29,prior_year_close,8,12,39,43,29,43,131.55
WEC,-1.66,3.8,prior_year_close,-4,2,32,38,38,38,2.81
WELL,20.95,28.53,prior_year_close,12,12,63,63,63,63,27.62
WFC,-6.72,-4.84,prior_year_close,-4,-4,50,50,50,50,-6.84
WM,-0.4,4.49,prior_year_close,-4,2,47,53,57,53,5.12
WMB,5.28,18.83,prior_year_close,6,6,32,32,32,32,17.39
WMT,-12.96,0.79,prior_year_close,-10,2,37,49,43,49,-0.41
WRB,4.46,3.16,prior_year_close,2,2,48,48,48,48,4.29
WSM,16.57,42.46,prior_year_close,6,12,80,86,86,86,35.44
WST,42.44,28.99,prior_year_close,12,12,89,89,89,89,28.4
WTW,19.7,5.67,prior_year_close,6,6,70,70,70,70,6.42
WY,-2.39,9.85,prior_year_close,-4,6,65,75,75,75,9.34
WYNN,-11.89,-14.37,prior_year_close,-10,-10,56,56,56,56,-15.94
XEL,3.68,7.28,prior_year_close,2,6,41,45,45,45,6.11
XOM,2.58,28.89,prior_year_close,2,12,56,66,66,66,26.46
XYL,-13.54,-11.0,prior_year_close,-10,-10,36,36,36,36,-11.6
XYZ,39.13,21.37,prior_year_close,12,12,58,58,58,58,21.26
YUM,-4.22,0.61,prior_year_close,-4,2,43,49,49,49,1.13
ZBH,8.18,7.95,prior_year_close,6,6,81,81,81,81,7.83
ZBRA,46.05,55.05,prior_year_close,12,12,77,77,73,77,51.63
ZTS,-42.27,-41.35,prior_year_close,-10,-10,19,19,19,19,-41.39
